EndNodes_1,EndNodes_2,ChangeOfDirection
1,2,2.35619449019234
1,3,-2.35619449019234
2,3,1.5707963267949
2,4,-0.785398163397448
3,4,0.785398163397448
